价格,面积,编号,户型,楼层,位置1,位置2,小区,地铁
,,,,,,,,
2000,13,146987-B,2室1卫,22/25层,通州区,通州北关,东潞苑,地铁：距6号线通州北关站2350米
2230,15,148723-A,3室1卫,7/17层,通州区,土桥,金隅花石匠,地铁：距八通线土桥站1100米
1990,10,150765-B,3室1卫,2/18层,昌平区,南邵,中国铁建青秀尚城,地铁：距昌平线南邵站350米
2850,18,21236-B,2室1卫,3/6层,石景山区,八宝山,永乐东区,地铁：距1号线八宝山站700米
1570,17,21850-B,3室1卫,1/6层,房山区,良乡大学城西,鸿顺园东区,地铁：距房山线良乡大学城西站350米
,,,,,,,,
3010,16,48289-C,4室1卫,4/6层,朝阳区,马泉营,马南里,地铁：距15号线马泉营站1350米
价格,面积,编号,户型,楼层,位置1,位置2,小区,地铁
,,,,,,,,
2000,13,146987-B,2室1卫,22/25层,通州区,通州北关,东潞苑,地铁：距6号线通州北关站2350米
2230,15,148723-A,3室1卫,7/17层,通州区,土桥,金隅花石匠,地铁：距八通线土桥站1100米
1990,10,150765-B,3室1卫,2/18层,昌平区,南邵,中国铁建青秀尚城,地铁：距昌平线南邵站350米
2850,18,21236-B,2室1卫,3/6层,石景山区,八宝山,永乐东区,地铁：距1号线八宝山站700米
1570,17,21850-B,3室1卫,1/6层,房山区,良乡大学城西,鸿顺园东区,地铁：距房山线良乡大学城西站350米
,,,,,,,,
3010,16,48289-C,4室1卫,4/6层,朝阳区,马泉营,马南里,地铁：距15号线马泉营站1350米
2530,10,7282-C,4室1卫,17/28层,朝阳区,欢乐谷景区,周庄嘉园4号院,地铁：距7号线欢乐谷景区站1700米
2540,14,11081-D,4室1卫,4/6层,朝阳区,星火,姚家园西里5号院,"地铁：距3号线,20号线星火站600米"
3080,12,141864-A,3室1卫,2/6层,朝阳区,三元桥,静安东里,"地铁：距10号线,12号线,机场线三元桥站550米"
2630,19,148604-C,3室1卫,21/25层,石景山区,杨庄,地铁古城家园,"地铁：距1号线,6号线苹果园站1300米"
3170,31,2176-D,5室1卫,29/32层,昌平区,天通苑南,天通苑东一区,地铁：距5号线天通苑南站1650米
,,,,,,,,
2220,18,49740-A,3室1卫,4/6层,通州区,果园,后南仓,地铁：距八通线果园站1050米
2130,16,77882-A,3室1卫,13/23层,通州区,临河里,华业东方玫瑰,地铁：距八通线临河里站650米
3350,40,78334-A,1室1卫,3/6层,通州区,北神树,福安公寓,地铁：距亦庄线荣京东街站3500米
,,,,,,,,
2560,10,13171-B,4室1卫,2/18层,昌平区,回龙观东大街,首开国风美唐三期,地铁：距8号线回龙观东大街站500米
3820,11,148921-B,2室1卫,1/22层,朝阳区,团结湖,团结湖东里,"地铁：距3号线,10号线团结湖站800米"
2010,9,148326-C,3室1卫,1/6层,丰台区,和义,和义西里三区,地铁：距8号线南段和义站500米
2630,17,16401-C,3室1卫,5/6层,朝阳区,常营,连心园西区,地铁：距6号线常营站800米
5780,50,20424-A,1室1卫,5/6层,西城区,陶然亭,平原里小区,地铁：距4号线大兴线陶然亭站350米
,,,,,,,,
2890,13,148861-B,2室1卫,4/16层,朝阳区,小红门,鸿博家园一期C区,地铁：距亦庄线小红门站1400米
2700,13,13468-E,5室1卫,17/19层,朝阳区,南楼梓庄,世纪东方嘉园南区,地铁：距7号线南楼梓庄站600米
,,,,,,,,
,,,,,,,,
2670,13,2336-E,5室1卫,6/6层,朝阳区,黄渠,常营民族家园CDF区,地铁：距6号线黄渠站750米
3380,10,23795-A,3室1卫,6/6层,西城区,新街口,前半壁街,地铁：距4号线大兴线新街口站400米
3760,12,352-A,2室1卫,6/6层,朝阳区,团结湖,白家庄西里,"地铁：距3号线,10号线团结湖站550米"
1500,11,49730-B,5室1卫,7/9层,房山区,广阳城,金地朗悦润园,地铁：距房山线广阳城站1150米
3000,16,119798-C,3室1卫,2/15层,丰台区,角门东,远洋自然,地铁：距10号线角门东站550米
3590,10,149421-A,2室1卫,5/6层,海淀区,万寿路,翠微路2号院,地铁：距1号线万寿路站400米
1790,8,150862-A,3室1卫,4/6层,顺义区,石门,西辛南区,地铁：距15号线石门站450米
2000,13,152048-A,3室1卫,13/20层,昌平区,昌平东关,北京怡园,地铁：距昌平线昌平东关站950米
1720,8,31649-A,3室1卫,14/18层,房山区,稻田,稻田回迁楼,地铁：距房山线稻田站250米
3530,17,48771-A,2室1卫,17/30层,海淀区,育新,泰华龙旗广场,地铁：距8号线育新站550米
,,,,,,,,
1700,10,67755-A,3室1卫,3/6层,通州区,果园,果园北区,地铁：距八通线果园站700米
4790,34,69090-A,1室1卫,10/22层,丰台区,泥洼,盛鑫嘉园,地铁：距10号线泥洼站50米
2310,11,8408-A,4室1卫,3/6层,昌平区,回龙观东大街,龙锦苑东四区,地铁：距8号线回龙观东大街站950米
1970,8,8234-C,4室1卫,18/28层,朝阳区,焦化厂,燕保祈东家园一期,地铁：距7号线焦化厂站450米
,,,,,,,,
2530,9,9423-A,3室1卫,2/7层,海淀区,育新,上奥世纪,地铁：距8号线育新站1500米
2090,9,132726-B,3室1卫,2/6层,朝阳区,传媒大学,定福庄西街,地铁：距八通线传媒大学站350米
2430,8,145873-B,3室1卫,5/18层,丰台区,角门东,海户西里34号院,地铁：距10号线角门东站550米
2780,10,148624-B,3室1卫,5/6层,海淀区,田村,玉海园一里,地铁：距6号线田村站800米
价格,面积,编号,户型,楼层,位置1,位置2,小区,地铁
4790,34,69090-A,1室1卫,10/22层,丰台区,泥洼,盛鑫嘉园,地铁：距10号线泥洼站50米
2310,11,8408-A,4室1卫,3/6层,昌平区,回龙观东大街,龙锦苑东四区,地铁：距8号线回龙观东大街站950米
1970,8,8234-C,4室1卫,18/28层,朝阳区,焦化厂,燕保祈东家园一期,地铁：距7号线焦化厂站450米
,,,,,,,,
2530,9,9423-A,3室1卫,2/7层,海淀区,育新,上奥世纪,地铁：距8号线育新站1500米
2090,9,132726-B,3室1卫,2/6层,朝阳区,传媒大学,定福庄西街,地铁：距八通线传媒大学站350米
2430,8,145873-B,3室1卫,5/18层,丰台区,角门东,海户西里34号院,地铁：距10号线角门东站550米
2780,10,148624-B,3室1卫,5/6层,海淀区,田村,玉海园一里,地铁：距6号线田村站800米
2130,18,149505-B,3室1卫,5/6层,顺义区,顺义,东兴一区,地铁：距15号线顺义站400米
1730,9,149505-C,3室1卫,5/6层,顺义区,顺义,东兴一区,地铁：距15号线顺义站400米
1900,10,151943-A,3室1卫,8/25层,房山区,长阳,康泽佳苑,地铁：距房山线长阳站500米
,,,,,,,,
2700,11,580-B,3室1卫,14/14层,朝阳区,四惠东,甘露园西里,"地铁：距1号线,八通线四惠东站900米"
2340,13,8151-A,3室1卫,3/6层,大兴区,亦庄文化园,新康家园,地铁：距亦庄线亦庄文化园站750米
2880,10,116555-C,4室1卫,7/9层,海淀区,海淀五路居,五棵松26号院,地铁：距6号线海淀五路居站350米
,,,,,,,,
3240,20,149189-B,2室1卫,3/11层,石景山区,古城,古城南路,地铁：距1号线古城站500米
2000,10,150991-B,3室1卫,5/6层,通州区,果园,果园北区,地铁：距八通线果园站700米
2570,14,26885-D,4室1卫,23/25层,朝阳区,小红门,鸿博家园二期F区,地铁：距亦庄线小红门站550米
2340,22,29557-A,2室1卫,2/9层,顺义区,石门,澜西园,地铁：距15号线石门站2200米
2260,12,42145-A,2室0卫,15/18层,昌平区,天通苑北,龙冠冠华苑二区,地铁：距5号线天通苑北站4000米
2710,15,49778-C,3室1卫,3/6层,石景山区,古城,首钢古城西路,地铁：距1号线古城站950米
,,,,,,,,
1870,9,10154-C,4室1卫,1/28层,通州区,次渠南,次渠锦园南区,地铁：距亦庄线次渠南站250米
2110,12,149455-D,5室2卫,13/14层,顺义区,国展,天竺花园,地铁：距15号线国展站1300米
1880,8,150765-C,3室1卫,2/18层,昌平区,南邵,中国铁建青秀尚城,地铁：距昌平线南邵站350米
2100,8,151954-C,3室1卫,1/6层,石景山区,古城,古城南路,地铁：距1号线古城站500米
3080,19,14770-A,3室1卫,4/22层,朝阳区,褡裢坡,定福家园北里,地铁：距6号线褡裢坡站200米
2840,19,16843-A,3室1卫,6/9层,朝阳区,双桥,水岸双桥,地铁：距八通线双桥站250米
2230,14,31224-B,3室1卫,14/18层,朝阳区,东坝中街,北京城建福润四季,地铁：距3号线东坝中街站2800米
1930,7,62995-C,3室1卫,3/6层,石景山区,苹果园,苹果园小区四区,"地铁：距1号线,6号线苹果园站300米"
4300,18,141128-A,2室1卫,2/5层,东城区,和平里北街,地坛北门,地铁：距5号线和平里北街站150米
3350,21,146352-B,2室1卫,13/22层,丰台区,刘家窑,正邦嘉园,地铁：距5号线刘家窑站300米
1420,9,149472-A,3室1卫,2/15层,房山区,良乡大学城西,紫汇家园,地铁：距房山线良乡大学城西站550米
4570,80,148991-A,2室1卫,4/6层,昌平区,昌平,清秀园北区,地铁：距昌平线昌平站850米
7370,73,149461-A,1室1卫,5/6层,朝阳区,十里堡,晨光家园,地铁：距6号线十里堡站550米
2100,11,141469-D,4室1卫,11/27层,通州区,次渠南,次渠家园东里8区,地铁：距亦庄线次渠南站700米
2530,15,15623-C,3室1卫,2/6层,朝阳区,管庄,东会新村,地铁：距八通线管庄站150米
1560,12,33377-A,4室1卫,6/6层,顺义区,俸伯,滨河小区,地铁：距15号线俸伯站1600米
2250,17,384-B,3室1卫,2/6层,通州区,果园,达富苑,地铁：距八通线果园站250米
3820,18,70248-B,2室1卫,3/6层,朝阳区,酒仙桥,北窑地,地铁：距12号线酒仙桥站950米
1900,10,77882-B,3室1卫,13/23层,通州区,临河里,华业东方玫瑰,地铁：距八通线临河里站650米
2670,12,9406-B,3室1卫,7/20层,朝阳区,褡裢坡,定福家园北里,地铁：距6号线褡裢坡站200米
2700,11,114623-B,3室1卫,26/30层,朝阳区,青年路,金隅泰和园,地铁：距6号线青年路站1250米
2620,14,119176-C,4室1卫,1/11层,朝阳区,肖村,中海城香克林,地铁：距亦庄线肖村站550米
2840,13,69232-A,2室1卫,23/24层,朝阳区,黄渠,泰福苑三区,地铁：距6号线黄渠站500米
2050,14,11244-B,3室1卫,6/6层,通州区,果园,怡乐北街小区,地铁：距八通线果园站600米
2760,13,133915-B,3室1卫,1/10层,丰台区,公益西桥,城南嘉园益明园,地铁：距4号线大兴线公益西桥站300米
3420,13,140640-B,3室1卫,18/25层,朝阳区,四惠,力源里,"地铁：距1号线,八通线四惠站250米"
,,,,,,,,
2840,12,149092-C,3室1卫,3/6层,丰台区,角门东,角门东里,地铁：距10号线角门东站400米
2780,16,150881-B,3室1卫,17/25层,石景山区,杨庄,杨庄北区,地铁：距6号线杨庄站550米
2520,9,20703-E,5室1卫,5/22层,丰台区,角门东,金胜嘉谊家园,地铁：距10号线角门东站700米
2540,7,24204-B,2室1卫,4/6层,东城区,广渠门外,广渠门外大街,"地铁：距7号线,17号线广渠门外站450米"
2820,13,25384-A,3室1卫,18/25层,朝阳区,清河营,东洲家园,地铁：距13号线北苑站2300米
3360,22,37424-B,2室1卫,1/6层,朝阳区,管庄,管庄西里,地铁：距八通线管庄站1050米
1450,7,39786-C,4室1卫,5/6层,昌平区,昌平,安福苑,地铁：距昌平线昌平站900米
,,,,,,,,
2740,12,58586-A,3室1卫,4/18层,昌平区,回龙观东大街,紫金新干线四期,地铁：距8号线回龙观东大街站1400米
2100,8,5683-A,3室1卫,16/16层,丰台区,新宫,德鑫嘉园二期,"地铁：距4号线大兴线,19号线新宫站700米"
2300,10,6294-B,3室1卫,19/29层,朝阳区,传媒大学,北花园小区,地铁：距八通线传媒大学站600米
,,,,,,,,
1880,12,78899-B,2室1卫,8/25层,门头沟区,栗园庄,惠润嘉园,地铁：距S1线栗园庄站300米
,,,,,,,,
3300,18,12043-C,3室1卫,17/24层,朝阳区,十里堡,京棉新城,地铁：距6号线十里堡站700米
2570,12,11507-F,6室2卫,6/6层,丰台区,六里桥,精图小区56号院,"地铁：距9号线,10号线六里桥站1250米"
2720,12,138819-B,3室1卫,7/22层,朝阳区,褡裢坡,定福家园北里,地铁：距6号线褡裢坡站200米
2080,13,140443-B,2室1卫,20/28层,通州区,通州北关,东潞苑,地铁：距6号线通州北关站2350米
3760,16,149074-A,2室1卫,1/6层,海淀区,永泰庄,永泰园,地铁：距8号线永泰庄站600米
3140,9,149074-B,2室1卫,1/6层,海淀区,永泰庄,永泰园,地铁：距8号线永泰庄站600米
2070,10,151664-A,2室1卫,4/6层,丰台区,和义,和义东里五区,地铁：距8号线南段和义站50米
2250,12,152278-C,3室1卫,16/27层,通州区,次渠,次渠家园北里1区,"地铁：距亦庄线,17号线次渠站1550米"
,,,,,,,,
3280,14,152683-C,3室1卫,2/6层,朝阳区,十里堡,八里庄北里1号院,地铁：距6号线十里堡站100米
2370,16,12983-B,4室1卫,5/25层,石景山区,杨庄,地铁古城家园,"地铁：距1号线,6号线苹果园站1300米"
2740,10,25625-C,3室1卫,4/6层,海淀区,农大南路,万树园,地铁：距16号线农大南路站850米
2520,12,30011-A,3室1卫,9/28层,朝阳区,小红门,鸿博家园二期D区,地铁：距亦庄线小红门站450米
2440,13,32022-C,3室1卫,13/22层,朝阳区,双合,建工双合家园,地铁：距7号线双合站350米
3990,30,11598-A,3室1卫,8/31层,朝阳区,传媒大学,珠江绿洲家园,地铁：距八通线传媒大学站550米
2400,11,12069-C,4室1卫,9/15层,昌平区,回龙观东大街,紫金新干线一期,地铁：距8号线回龙观东大街站1350米
3690,27,149022-A,2室1卫,2/6层,石景山区,八宝山,鲁谷村,地铁：距1号线八宝山站750米
2030,11,150862-C,3室1卫,4/6层,顺义区,石门,西辛南区,地铁：距15号线石门站450米
2630,9,150117-C,3室1卫,3/18层,朝阳区,立水桥南,溪城家园,地铁：距5号线立水桥南站1100米
2700,16,152632-B,2室1卫,23/24层,昌平区,昌平,新新公寓,地铁：距昌平线昌平站400米
1610,11,27019-A,3室1卫,1/10层,房山区,广阳城,原香小镇一区,地铁：距房山线广阳城站2050米
3830,23,25299-B,2室1卫,1/29层,朝阳区,传媒大学,北花园小区,地铁：距八通线传媒大学站600米
3820,20,28308-B,5室1卫,3/8层,朝阳区,肖村,中海城圣朝菲,地铁：距亦庄线肖村站600米
3100,14,3191-C,4室1卫,8/34层,昌平区,龙泽,融泽嘉园新2号院,地铁：距13号线龙泽站1150米
2840,24,4519-B,4室1卫,6/6层,朝阳区,垡头,垡头翠城馨园东区,地铁：距7号线垡头站100米
,,,,,,,,
2860,10,80239-C,3室1卫,2/11层,丰台区,公益西桥,城南嘉园益明园,地铁：距4号线大兴线公益西桥站300米
,,,,,,,,
2440,10,149525-A,3室1卫,3/6层,朝阳区,垡头,垡头西里,地铁：距7号线欢乐谷景区站1150米
2390,10,149207-C,3室1卫,13/28层,海淀区,玉泉路,兆丰园,地铁：距1号线玉泉路站1850米
2330,15,150333-B,2室1卫,9/20层,通州区,北运河西,合生滨江帝景二期,地铁：距6号线北运河西站1650米
2500,6,148484-B,2室1卫,3/5层,朝阳区,四惠东,甘露园西里,"地铁：距1号线,八通线四惠东站900米"
3560,30,150747-B,3室1卫,2/4层,大兴区,旧宫,德林园,地铁：距亦庄线旧宫站750米
3310,12,152112-B,3室1卫,11/27层,朝阳区,青年路,国美第一城3号院,地铁：距6号线青年路站1200米
2740,20,32673-A,2室1卫,4/6层,石景山区,金安桥,模式口南里,"地铁：距1号线,6号线苹果园站1500米"
2090,9,586-A,5室1卫,1/6层,昌平区,天通苑,天通苑北三区,地铁：距5号线天通苑站1700米
3350,10,70248-A,2室1卫,3/6层,朝阳区,酒仙桥,北窑地,地铁：距12号线酒仙桥站950米
,,,,,,,,
1280,8,116763-C,3室1卫,4/6层,顺义区,顺义,石园东区,地铁：距15号线顺义站2350米
5370,46,135043-A,1室1卫,12/28层,朝阳区,传媒大学,妇联小区,地铁：距八通线传媒大学站1000米
3550,58,146867-A,1室1卫,1/6层,通州区,万盛西,中泽家园,地铁：距7号线万盛西站1350米
2140,8,32090-A,6室2卫,6/6层,朝阳区,孙河,康营小区C区,地铁：距15号线孙河站1350米
3110,15,33766-C,3室1卫,7/28层,丰台区,六里桥,华源二里,地铁：距9号线六里桥东站1150米
1910,16,48054-A,3室1卫,12/12层,房山区,篱笆房,清雅小区,地铁：距房山线篱笆房站850米
1860,19,47200-B,3室1卫,8/10层,房山区,广阳城,原香小镇一区,地铁：距房山线广阳城站2050米
,,,,,,,,
4250,18,60306-B,2室1卫,3/6层,朝阳区,高家园,高家园一区,地铁：距14号线东段望京南站750米
2690,16,829-B,3室1卫,12/16层,朝阳区,星火,姚家园东里7号院,"地铁：距3号线,20号线星火站800米"
3100,34,8987-A,1室1卫,9/11层,通州区,果园,晟世嘉园,地铁：距八通线果园站1500米
2160,10,925-B,3室1卫,14/28层,朝阳区,管庄,管庄新村,地铁：距八通线管庄站600米
2000,11,149667-B,3室1卫,3/18层,大兴区,天宫院,金融街融汇,地铁：距4号线大兴线天宫院站850米
2860,10,13405-B,3室1卫,28/29层,丰台区,宋家庄,鲁能榴景秀苑,"地铁：距5号线,10号线,亦庄线宋家庄站550米"
2570,9,149092-A,3室1卫,3/6层,丰台区,角门东,角门东里,地铁：距10号线角门东站400米
5780,25,152456-A,2室1卫,14/18层,朝阳区,大望路,盛世嘉园,"地铁：距1号线,14号线东段大望路站500米"
,,,,,,,,
,,,,,,,,
3910,13,23630-A,4室1卫,10/18层,海淀区,六道口,文成杰座,地铁：距15号线六道口站750米
2790,22,23722-C,4室1卫,1/6层,丰台区,火箭万源,清和园,地铁：距8号线南段火箭万源站1450米
2500,21,36549-D,4室1卫,11/11层,昌平区,沙河,宏枫攀达,地铁：距昌平线沙河站950米
1920,9,47950-C,4室1卫,21/21层,大兴区,亦庄桥,首开住总国悦居,地铁：距亦庄线荣京东街站2900米
3360,12,73054-A,2室1卫,5/16层,朝阳区,金台路,金台北街小区,"地铁：距6号线,14号线东段金台路站300米"
2060,11,148056-A,2室1卫,17/18层,房山区,稻田,金域缇香,地铁：距房山线稻田站800米
2340,10,130442-B,3室1卫,16/18层,朝阳区,管庄,远洋一方润园,地铁：距八通线管庄站950米
3660,29,19623-C,3室1卫,23/33层,丰台区,方庄,10AM新坐标,地铁：距14号线东段方庄站400米
2420,25,25176-B,4室1卫,1/6层,昌平区,天通苑北,名佳花园三区,地铁：距5号线天通苑北站2600米
2980,20,29673-B,4室1卫,4/18层,通州区,高楼金,瑞都公园世家南区,地铁：距7号线高楼金站500米
2220,9,29593-A,4室1卫,7/9层,朝阳区,东坝中街,首开常青藤三期,地铁：距14号线东段将台站4000米
930,8,31961-A,3室1卫,3/5层,房山区,阎村,绿城百合公寓南屏苑,地铁：距燕房线阎村站900米
2600,8,531-B,4室1卫,3/6层,朝阳区,望京,南湖中园一区,"地铁：距14号线东段,15号线望京站800米"
3350,18,12083-B,4室1卫,3/6层,朝阳区,潘家园,潘家园南里,地铁：距10号线潘家园站950米
3590,16,140749-A,2室1卫,2/5层,朝阳区,劲松,劲松一区,地铁：距10号线劲松站300米
2090,13,143615-B,4室1卫,15/16层,昌平区,南邵,路劲世界城二期,地铁：距昌平线南邵站500米
2380,13,143132-C,4室1卫,4/6层,大兴区,旧宫,宣颐家园,地铁：距亦庄线旧宫站850米
1490,9,146745-B,3室1卫,5/6层,房山区,良乡大学城西,鸿顺园西区,地铁：距房山线良乡大学城西站350米
2390,10,150778-A,2室1卫,13/18层,大兴区,荣昌东街,南海家园六里,地铁：距亦庄线荣昌东街站3400米
,,,,,,,,
,,,,,,,,
3570,15,28456-D,4室1卫,21/22层,西城区,车公庄,西直门南大街,"地铁：距6号线,2号线车公庄站50米"
2060,15,30835-C,3室1卫,2/21层,房山区,长阳,康泽佳苑,地铁：距房山线长阳站500米
1860,10,33020-D,4室1卫,6/6层,朝阳区,小红门,燕归宁馨园,地铁：距亦庄线小红门站1200米
,,,,,,,,
,,,,,,,,
4780,24,49287-B,5室1卫,10/17层,朝阳区,青年路,珠江罗马嘉园西区,地铁：距6号线青年路站500米
1760,9,51493-C,3室1卫,2/6层,顺义区,石门,西辛南区,地铁：距15号线石门站450米
,,,,,,,,
2510,7,531-D,4室1卫,3/6层,朝阳区,望京,南湖中园一区,"地铁：距14号线东段,15号线望京站800米"
2830,9,9991-B,4室1卫,6/25层,朝阳区,阜通,花家地西里,地铁：距14号线东段阜通站900米
3380,8,117425-B,2室1卫,4/6层,朝阳区,大望路,光辉南里,"地铁：距1号线,14号线东段大望路站400米"
7700,49,142735-A,1室1卫,12/21层,朝阳区,十里堡,万科金阳国际公寓,地铁：距6号线十里堡站1550米
5580,43,145986-A,1室1卫,3/19层,朝阳区,十里堡,炫特嘉园,地铁：距6号线十里堡站800米
2940,11,149799-B,2室1卫,4/6层,朝阳区,马泉营,马南里,地铁：距15号线马泉营站1350米
1830,8,153615-C,3室1卫,3/6层,大兴区,清源路,兴华园,地铁：距4号线大兴线清源路站600米
4200,20,15768-B,4室1卫,4/16层,海淀区,上地,上地佳园,地铁：距13号线上地站150米
4020,29,17527-C,5室1卫,8/22层,丰台区,角门东,金胜嘉谊家园,地铁：距10号线角门东站700米
,,,,,,,,
3010,18,1897-B,4室1卫,2/6层,朝阳区,南楼梓庄,紫南家园（南区）,地铁：距7号线南楼梓庄站250米
1290,6,24789-C,4室1卫,6/20层,门头沟区,小园,保利首开四季怡园,地铁：距S1线小园站950米
4290,17,28040-B,4室1卫,2/7层,海淀区,车道沟,远大园四区,地铁：距10号线车道沟站800米
3490,12,27322-A,2室1卫,2/6层,朝阳区,和平西桥,樱花东街,地铁：距13号线光熙门站600米
,,,,,,,,
2320,9,31684-B,3室1卫,3/7层,朝阳区,褡裢坡,三间房西里,地铁：距6号线褡裢坡站800米
3340,19,48154-C,5室1卫,4/12层,朝阳区,传媒大学,珠江绿洲家园,地铁：距八通线传媒大学站550米
1780,9,52770-C,3室1卫,5/6层,顺义区,顺义,东兴一区,地铁：距15号线顺义站400米
2500,9,62298-B,3室1卫,8/28层,朝阳区,北岗子,将府锦苑,地铁：距14号线东段将台站3550米
2960,10,6441-C,5室1卫,3/18层,朝阳区,双井,合生国际家园,"地铁：距7号线,10号线双井站700米"
2120,10,77542-C,4室1卫,7/21层,朝阳区,北岗子,坝鑫家园,"地铁：距12号线,平谷线北岗子站850米"
3120,9,78287-B,3室1卫,18/25层,朝阳区,惠新西街北口,安慧里一区,地铁：距5号线惠新西街北口站600米
2440,10,8994-B,3室1卫,24/29层,朝阳区,传媒大学,北花园小区,地铁：距八通线传媒大学站600米
,,,,,,,,
1670,9,120945-B,3室1卫,2/28层,通州区,同济南路,宏仁家园,地铁：距亦庄线同济南路站3100米
4260,18,11490-B,3室1卫,16/25层,朝阳区,立水桥南,北苑家园望春园,地铁：距5号线立水桥南站600米
2530,9,144344-C,4室1卫,11/34层,昌平区,天通苑,天通苑西二区,地铁：距5号线天通苑站500米
2300,8,147528-A,2室1卫,2/6层,通州区,通州北苑,杨庄小区,地铁：距八通线通州北苑站400米
2180,10,151096-B,3室1卫,6/15层,朝阳区,小红门,鸿博家园一期A区,地铁：距亦庄线小红门站900米
2870,7,151179-C,3室1卫,1/6层,海淀区,六道口,建清园,地铁：距15号线六道口站1600米
1840,10,153081-A,3室1卫,6/16层,大兴区,枣园,首开康乃馨城,地铁：距4号线大兴线枣园站1850米
,,,,,,,,
2300,12,47269-C,3室1卫,10/11层,通州区,万盛东,小稿村,地铁：距7号线万盛东站1200米
1640,10,125895-D,4室1卫,4/6层,大兴区,德茂,上林苑,地铁：距8号线南段德茂站1100米
1980,7,11220-D,4室1卫,11/11层,顺义区,花梨坎,吉祥花园,地铁：距15号线花梨坎站450米
2820,29,11735-B,8室3卫,1/3层,朝阳区,双桥,水郡长安,地铁：距八通线双桥站800米
,,,,,,,,
1910,11,140488-C,3室1卫,4/10层,朝阳区,肖村,成和园,地铁：距亦庄线肖村站2150米
3100,14,153115-A,2室1卫,9/20层,朝阳区,传媒大学,绿岛苑西区,地铁：距八通线传媒大学站1100米
2350,9,15520-A,4室1卫,5/8层,朝阳区,肖村,中海城圣朝菲,地铁：距亦庄线肖村站600米
1720,13,31780-C,3室1卫,9/14层,通州区,通州北关,西潞苑小区,地铁：距6号线通州北关站1950米
2840,9,41039-B,3室1卫,2/6层,朝阳区,劲松,劲松一区,地铁：距10号线劲松站300米
,,,,,,,,
,,,,,,,,
2300,9,10086-A,3室1卫,23/28层,朝阳区,青年路,金隅泰和园,地铁：距6号线青年路站1250米
3470,14,11489-A,3室1卫,5/6层,朝阳区,望京,望京西园二区,"地铁：距14号线东段,15号线望京站650米"
2230,11,12306-A,3室1卫,2/6层,大兴区,旧宫,美然绿色家园,地铁：距亦庄线旧宫站800米
2480,6,138786-A,4室1卫,11/11层,通州区,经海路,经开壹中心,地铁：距亦庄线经海路站800米
1750,9,150158-C,3室1卫,4/6层,顺义区,南法信,华英园（顺义）,地铁：距15号线南法信站800米
1860,8,141469-A,4室1卫,11/27层,通州区,次渠南,次渠家园东里8区,地铁：距亦庄线次渠南站700米
2440,11,152204-A,2室1卫,10/21层,大兴区,西红门,鸿坤理想城七期,地铁：距4号线大兴线西红门站1250米
2880,10,152683-A,3室1卫,2/6层,朝阳区,十里堡,八里庄北里1号院,地铁：距6号线十里堡站100米
2030,9,37846-A,3室1卫,5/6层,石景山区,苹果园,金顶街四区,"地铁：距1号线,6号线苹果园站200米"
,,,,,,,,
4320,15,65434-A,3室1卫,11/22层,海淀区,知春路,希格玛公寓,"地铁：距13号线,10号线知春路站350米"
2470,11,10086-B,3室1卫,23/28层,朝阳区,青年路,金隅泰和园,地铁：距6号线青年路站1250米
2160,16,145744-A,3室1卫,2/6层,大兴区,黄村火车站,观音寺南里,地铁：距4号线大兴线黄村火车站站1500米
,,,,,,,,
2430,8,149162-A,2室1卫,5/6层,大兴区,西红门,兴海家园日苑,地铁：距4号线大兴线西红门站350米
2470,9,152150-C,3室1卫,1/16层,昌平区,天通苑,天通苑北一区,地铁：距5号线天通苑站350米
3310,17,153366-A,2室1卫,4/9层,大兴区,西红门,宏盛家园,地铁：距4号线大兴线西红门站900米
3170,18,153443-A,2室1卫,2/6层,丰台区,角门东,马家堡67号院,地铁：距10号线角门东站750米
3960,14,24122-D,4室1卫,13/20层,海淀区,苏州街,苏州街52号院,"地铁：距10号线,16号线苏州街站850米"
,,,,,,,,
3070,10,34013-C,3室1卫,5/6层,东城区,磁器口,兴隆都市馨园,"地铁：距5号线,7号线磁器口站400米"
2470,9,43031-A,4室1卫,4/5层,昌平区,回龙观,南店新村,地铁：距8号线育新站1100米
,,,,,,,,
2590,11,6296-D,4室1卫,25/28层,朝阳区,立水桥,世华泊郡,"地铁：距13号线,5号线立水桥站1050米"
1860,13,69691-A,3室1卫,2/6层,通州区,临河里,群芳园,地铁：距八通线临河里站1200米
4390,49,73966-A,1室1卫,1/13层,通州区,梨园,园景东区,地铁：距八通线梨园站150米
2440,11,79234-B,3室1卫,8/20层,石景山区,杨庄,杨庄北区,地铁：距6号线杨庄站550米
,,,,,,,,
,,,,,,,,
3630,15,131304-A,3室1卫,1/6层,朝阳区,将台,酒仙桥中路3号院,地铁：距14号线东段将台站700米
3620,48,151278-A,1室1卫,9/11层,通州区,通州北关,古韵新居,地铁：距6号线通州北关站1650米
3590,10,153810-B,2室1卫,13/19层,朝阳区,百子湾,沿海赛洛城,地铁：距7号线百子湾站650米
3020,20,1480-C,5室1卫,6/7层,昌平区,天通苑,天通苑北三区,地铁：距5号线天通苑站1700米
2070,9,15623-B,3室1卫,2/6层,朝阳区,管庄,东会新村,地铁：距八通线管庄站150米
2120,12,25557-C,4室1卫,4/6层,大兴区,西红门,兴海家园日苑,地铁：距4号线大兴线西红门站350米
1770,14,28173-B,3室1卫,5/6层,顺义区,石门,澜西园,地铁：距15号线石门站2200米
2510,17,34402-C,3室1卫,6/29层,朝阳区,平房村,金隅汇景苑,"地铁：距14号线东段,平谷线东风北桥站4500米"
2730,19,38003-B,3室1卫,6/6层,朝阳区,常营,连心园西区,地铁：距6号线常营站800米
2460,14,26913-A,3室1卫,4/17层,丰台区,新宫,新宫家园北区,"地铁：距4号线大兴线,19号线新宫站300米"
2700,15,55169-C,3室1卫,5/6层,朝阳区,管庄,东会新村,地铁：距八通线管庄站150米
2460,11,5461-E,5室1卫,3/12层,昌平区,天通苑南,天通苑西一区,地铁：距5号线天通苑南站150米
,,,,,,,,
,,,,,,,,
3320,10,5779-A,3室1卫,23/28层,朝阳区,望京西,湖光壹号,"地铁：距13号线,15号线望京西站550米"
2350,12,65320-C,3室1卫,6/8层,朝阳区,孙河,康营小区5区,地铁：距15号线孙河站950米
1980,15,70907-A,3室1卫,4/6层,通州区,梨园,北杨洼小区,地铁：距八通线梨园站550米
1920,8,7255-B,4室1卫,5/15层,顺义区,花梨坎,满庭芳嘉园,地铁：距15号线花梨坎站850米
2140,11,7521-B,3室1卫,4/28层,朝阳区,管庄,管庄新村,地铁：距八通线管庄站600米
2980,17,8822-B,4室1卫,13/18层,朝阳区,双桥,金隅康惠园,地铁：距八通线双桥站600米
,,,,,,,,
,,,,,,,,
1900,10,143724-A,3室1卫,4/6层,通州区,通州北关,天桥湾,地铁：距6号线通运门站1000米
2450,9,12797-A,4室1卫,1/32层,昌平区,天通苑,天通苑西三区,地铁：距5号线天通苑站350米
1830,7,148726-C,3室1卫,1/6层,朝阳区,双桥,东柳西里,地铁：距八通线双桥站900米
,,,,,,,,
3620,67,151682-A,1室1卫,3/6层,通州区,通州北关,至善家园,地铁：距6号线通州北关站1700米
,,,,,,,,
2460,12,2409-C,3室1卫,17/18层,朝阳区,星火,姚家园东里7号院,"地铁：距3号线,20号线星火站800米"
2270,17,25753-C,3室1卫,15/16层,昌平区,沙河,兆丰家园,地铁：距昌平线沙河站600米
2400,12,2589-B,3室1卫,12/28层,通州区,物资学院路,新建村小区,地铁：距6号线物资学院路站550米
1380,6,33675-A,3室1卫,8/21层,丰台区,张郭庄,红山郡,地铁：距14号线西段张郭庄站1750米
3280,11,374-D,4室2卫,5/16层,朝阳区,望京西,北京香颂,"地铁：距13号线,15号线望京西站550米"
,,,,,,,,
2790,12,57705-C,3室1卫,7/22层,朝阳区,成寿寺,方庄南路18号院,地铁：距10号线成寿寺站700米
1830,9,66745-B,3室1卫,11/26层,通州区,梨园,新城嘉园（通州）,地铁：距八通线梨园站550米
2970,10,6781-A,3室1卫,24/28层,朝阳区,四惠东,通惠家园惠民园,"地铁：距1号线,八通线四惠东站350米"
2800,11,6781-C,3室1卫,24/28层,朝阳区,四惠东,通惠家园惠民园,"地铁：距1号线,八通线四惠东站350米"
2200,14,73709-B,3室1卫,20/25层,通州区,梨园,云景豪庭,地铁：距八通线梨园站600米
2680,12,77080-C,3室1卫,14/18层,石景山区,西黄村,雍景四季,"地铁：距1号线,6号线苹果园站2350米"
2960,10,7742-B,3室1卫,7/16层,海淀区,六道口,城华园,地铁：距15号线六道口站1200米
1790,12,115964-A,4室1卫,3/6层,大兴区,高米店南,可可家园,地铁：距4号线大兴线高米店南站1650米
3280,15,120588-A,3室2卫,22/25层,朝阳区,成寿寺,成寿寺路25号院,地铁：距10号线成寿寺站650米
2200,9,124997-D,4室2卫,9/21层,石景山区,苹果园,西山奥园,"地铁：距1号线,6号线苹果园站1150米"
2660,6,133673-C,4室1卫,1/6层,朝阳区,望京南,花家地南里,地铁：距14号线东段望京南站1100米
2210,11,139979-C,4室1卫,7/15层,朝阳区,管庄,东一时区,地铁：距八通线管庄站1200米
2860,12,150512-B,2室1卫,20/21层,朝阳区,十里堡,日月东华,地铁：距6号线十里堡站950米
2880,11,153389-A,3室1卫,13/18层,丰台区,刘家窑,刘家窑东里,地铁：距5号线刘家窑站450米
3240,15,153389-B,3室1卫,13/18层,丰台区,刘家窑,刘家窑东里,地铁：距5号线刘家窑站450米
3240,15,153389-C,3室1卫,13/18层,丰台区,刘家窑,刘家窑东里,地铁：距5号线刘家窑站450米
3480,10,28257-B,3室1卫,3/24层,海淀区,六道口,双清路2号院,地铁：距15号线六道口站1800米
2670,16,30726-C,3室1卫,14/30层,朝阳区,东坝中街,首开畅颐园,地铁：距14号线东段将台站3500米
1540,11,29314-C,4室1卫,2/6层,通州区,通州北关,华龙小区,地铁：距6号线通州北关站2700米
3880,18,27322-B,2室1卫,2/6层,朝阳区,和平西桥,樱花东街,地铁：距13号线光熙门站600米
2300,23,31817-A,3室1卫,6/6层,通州区,梨园,云景西里,地铁：距八通线梨园站750米
1740,10,45112-C,4室1卫,3/6层,朝阳区,八里桥,西马庄园,地铁：距八通线八里桥站1150米
,,,,,,,,
3100,8,63976-B,3室1卫,17/22层,海淀区,六道口,逸成东苑,地铁：距15号线六道口站1400米
3540,11,66466-A,3室1卫,5/6层,海淀区,知春路,罗庄西里,"地铁：距13号线,10号线知春路站350米"
3050,21,7105-B,4室1卫,2/6层,朝阳区,肖村,中海城圣朝菲,地铁：距亦庄线肖村站600米
2210,11,8572-D,4室1卫,3/18层,朝阳区,焦化厂,燕保祈东家园一期,地铁：距7号线焦化厂站450米
2920,9,134466-A,3室1卫,19/22层,朝阳区,阜通,方舟苑,地铁：距14号线东段阜通站1500米
3150,11,134466-B,3室1卫,19/22层,朝阳区,阜通,方舟苑,地铁：距14号线东段阜通站1500米
2550,22,134431-C,4室1卫,3/6层,大兴区,高米店南,可可家园,地铁：距4号线大兴线高米店南站1650米
3010,13,138187-C,4室1卫,9/16层,丰台区,大红门,建欣苑六里,"地铁：距8号线南段,10号线大红门站550米"
3050,25,13629-B,3室1卫,5/6层,朝阳区,草房,连心园东区,地铁：距6号线草房站500米
2470,12,130442-C,3室1卫,16/18层,朝阳区,管庄,远洋一方润园,地铁：距八通线管庄站950米
1880,9,17279-A,3室1卫,5/27层,大兴区,义和庄,恒大未来城,地铁：距4号线大兴线义和庄站400米
2680,16,1938-A,3室1卫,5/6层,朝阳区,黄渠,常营民族家园N区,地铁：距6号线黄渠站400米
2860,23,1938-C,3室1卫,5/6层,朝阳区,黄渠,常营民族家园N区,地铁：距6号线黄渠站400米
2890,20,23610-D,4室1卫,6/16层,丰台区,科怡路,鸿业兴园一区,地铁：距9号线科怡路站900米
5210,43,23783-A,1室1卫,6/6层,丰台区,六里桥,莲怡园一区,"地铁：距9号线,10号线六里桥站600米"
,,,,,,,,
2510,9,2988-B,3室1卫,9/29层,朝阳区,高碑店,金隅汇星苑,地铁：距6号线青年路站1450米
2770,20,30973-C,4室1卫,11/26层,通州区,通州北关,财富东方,地铁：距6号线通州北关站800米
,,,,,,,,
2460,13,69296-B,2室1卫,4/6层,丰台区,火箭万源,六营门小区,地铁：距8号线南段火箭万源站50米
,,,,,,,,
2950,13,841-B,3室1卫,12/25层,朝阳区,成寿寺,金第润苑,地铁：距10号线成寿寺站600米
3180,9,125125-B,3室1卫,4/14层,西城区,长椿街,宣武门西大街小区,地铁：距2号线长椿街站150米
1900,13,128768-D,4室1卫,5/8层,大兴区,清源路,兴华园,地铁：距4号线大兴线清源路站600米
2330,12,128953-D,4室1卫,27/27层,朝阳区,小红门,鸿博家园二期B区,地铁：距亦庄线小红门站550米
2270,22,130872-A,2室1卫,3/6层,通州区,北运河西,玉桥北里,地铁：距6号线北运河西站1250米
2270,11,138014-A,4室1卫,14/17层,丰台区,角门东,西马金润二区,地铁：距10号线角门东站750米
,,,,,,,,
,,,,,,,,
2330,15,30607-A,4室1卫,2/6层,通州区,通州北关,东潞苑,地铁：距6号线通州北关站2350米
3070,12,30242-A,3室1卫,11/18层,朝阳区,星火,姚家园东里7号院,"地铁：距3号线,20号线星火站800米"
2290,13,4476-B,8室2卫,6/6层,朝阳区,黄渠,常营民族家园CDF区,地铁：距6号线黄渠站750米
3690,14,66184-A,2室1卫,3/5层,朝阳区,东大桥,芳草地西街,"地铁：距6号线,17号线东大桥站450米"
3380,13,7060-B,3室1卫,3/22层,朝阳区,望京,望京西园三区,"地铁：距14号线东段,15号线望京站600米"
1890,7,76329-C,3室1卫,2/11层,顺义区,花梨坎,吉祥花园,地铁：距15号线花梨坎站450米
,,,,,,,,
2180,10,11792-C,3室1卫,4/7层,通州区,果园,翠屏北里西区,地铁：距八通线果园站400米
2540,10,141654-B,3室1卫,4/27层,丰台区,科怡路,宝隆温泉公寓,地铁：距9号线科怡路站250米
3020,10,12931-B,3室1卫,1/6层,朝阳区,安华桥,安贞西里三区,"地铁：距8号线,12号线安华桥站200米"
3230,10,13504-B,4室1卫,3/9层,海淀区,上地,金隅美和园,地铁：距13号线上地站250米
3360,13,16677-B,3室1卫,14/24层,朝阳区,东湖渠,利泽西园,地铁：距14号线东段东湖渠站200米
2900,10,30123-B,2室1卫,22/32层,丰台区,六里桥,泰禾西府玉苑,"地铁：距10号线,14号线西段西局站950米"
,,,,,,,,
3430,13,65638-A,3室1卫,4/6层,朝阳区,东湖渠,利泽西园,地铁：距14号线东段东湖渠站200米
2690,12,816-C,3室1卫,13/18层,朝阳区,星火,姚家园东里7号院,"地铁：距3号线,20号线星火站800米"
,,,,,,,,
2630,12,10546-B,5室1卫,6/7层,昌平区,龙泽,龙泽苑西区,地铁：距13号线龙泽站200米
2570,16,124625-C,3室1卫,2/6层,石景山区,古城,首钢古城西路,地铁：距1号线古城站950米
7960,61,148459-A,2室1卫,23/29层,东城区,广渠门外,广渠家园,"地铁：距7号线,17号线广渠门外站250米"
2880,12,151777-B,2室1卫,19/27层,朝阳区,小红门,鸿博家园二期C区,地铁：距亦庄线小红门站550米
,,,,,,,,
1490,6,34907-A,3室1卫,11/20层,丰台区,张郭庄,红山郡,地铁：距14号线西段张郭庄站1750米
4170,29,374-B,4室2卫,5/16层,朝阳区,望京西,北京香颂,"地铁：距13号线,15号线望京西站550米"
3110,20,4075-A,4室1卫,6/6层,朝阳区,黄渠,常营民族家园三期,地铁：距6号线黄渠站200米
2890,10,4218-C,5室1卫,3/22层,朝阳区,九龙山,风度柏林,"地铁：距7号线,14号线东段九龙山站500米"
2450,10,6314-B,3室1卫,11/21层,朝阳区,青年路,甘露晴苑,地铁：距6号线青年路站800米
2830,16,6314-C,3室1卫,11/21层,朝阳区,青年路,甘露晴苑,地铁：距6号线青年路站800米
1800,8,70759-A,3室1卫,5/6层,大兴区,枣园,枣园东里,地铁：距4号线大兴线枣园站200米
,,,,,,,,
1640,10,116425-A,3室1卫,4/6层,通州区,万盛东,群芳三园,地铁：距7号线万盛东站1100米
2630,24,148128-C,4室1卫,2/11层,大兴区,五福堂,菊源北里,地铁：距8号线南段五福堂站750米
2670,23,17037-C,3室1卫,5/6层,朝阳区,常营,连心园西区,地铁：距6号线常营站800米
2190,9,27641-B,3室1卫,1/7层,朝阳区,褡裢坡,福怡苑,地铁：距6号线褡裢坡站950米
3390,11,38093-B,2室1卫,8/12层,朝阳区,亮马桥,顺源里,地铁：距10号线亮马桥站450米
,,,,,,,,
2940,16,60406-A,3室1卫,7/26层,朝阳区,褡裢坡,泰福苑二区,地铁：距6号线褡裢坡站700米
2520,12,6093-B,4室1卫,6/6层,朝阳区,褡裢坡,定福庄北里1号院,地铁：距6号线褡裢坡站550米
2480,16,7833-B,3室1卫,5/9层,顺义区,花梨坎,吉祥花园,地铁：距15号线花梨坎站450米
,,,,,,,,
2330,11,121874-B,3室1卫,9/11层,朝阳区,传媒大学,天泰北双苑,地铁：距八通线传媒大学站750米
2030,14,125159-B,4室1卫,7/18层,大兴区,德茂,兴盛锦苑,地铁：距8号线南段德茂站100米
2560,14,218-C,4室2卫,14/18层,丰台区,宋家庄,怡和世家,"地铁：距5号线,10号线,亦庄线宋家庄站950米"
2800,16,32505-A,3室1卫,3/6层,丰台区,木樨园,南木樨园,地铁：距8号线南段木樨园站550米
2330,12,31842-B,3室1卫,26/27层,通州区,次渠南,次渠家园东里1区,地铁：距亦庄线次渠南站250米
,,,,,,,,
,,,,,,,,
1900,4,7554-A,5室1卫,17/31层,朝阳区,传媒大学,珠江绿洲家园,地铁：距八通线传媒大学站550米
2440,10,8018-C,3室1卫,4/6层,朝阳区,南楼梓庄,紫南家园（北区）,地铁：距7号线南楼梓庄站300米
1780,9,125159-C,4室1卫,7/18层,大兴区,德茂,兴盛锦苑,地铁：距8号线南段德茂站100米
,,,,,,,,
,,,,,,,,
2590,18,13002-A,4室1卫,20/28层,朝阳区,双合,建工双合家园,地铁：距7号线双合站350米
1910,6,13002-B,4室1卫,20/28层,朝阳区,双合,建工双合家园,地铁：距7号线双合站350米
2040,8,13002-C,4室1卫,20/28层,朝阳区,双合,建工双合家园,地铁：距7号线双合站350米
,,,,,,,,
,,,,,,,,
,,,,,,,,
,,,,,,,,
,,,,,,,,
2410,12,10906-C,4室1卫,10/15层,朝阳区,传媒大学,艺水芳园,地铁：距八通线传媒大学站950米
,,,,,,,,
3380,24,13042-D,4室1卫,6/6层,朝阳区,黄渠,常营民族家园CDF区,地铁：距6号线黄渠站750米
2230,10,1209-C,3室1卫,6/18层,朝阳区,管庄,管庄新村,地铁：距八通线管庄站600米
,,,,,,,,
3110,17,28799-B,3室1卫,4/9层,朝阳区,星火,姚家园西里2号院,"地铁：距3号线,20号线星火站400米"
2180,15,44860-D,4室1卫,13/28层,通州区,通州北关,中国铁建通瑞嘉苑,地铁：距6号线通州北关站2900米
,,,,,,,,
,,,,,,,,
3120,14,56329-A,2室1卫,1/6层,丰台区,六里桥东,太平桥西里,地铁：距9号线六里桥东站300米
,,,,,,,,
2470,12,829-C,3室1卫,12/16层,朝阳区,星火,姚家园东里7号院,"地铁：距3号线,20号线星火站800米"
2390,11,12253-A,3室1卫,5/21层,朝阳区,星火,姚家园东里7号院,"地铁：距3号线,20号线星火站800米"
3960,26,19457-B,4室1卫,5/14层,朝阳区,青年路,青年汇佳园,地铁：距6号线青年路站250米
,,,,,,,,
2140,10,2966-B,3室1卫,16/18层,朝阳区,管庄,管庄新村,地铁：距八通线管庄站600米
2160,11,61874-B,3室1卫,1/6层,丰台区,丰台东大街,东幸福街社区,地铁：距9号线丰台东大街站750米
,,,,,,,,
2710,17,121874-C,3室1卫,9/11层,朝阳区,传媒大学,天泰北双苑,地铁：距八通线传媒大学站750米
,,,,,,,,
,,,,,,,,
1870,19,9806-D,4室1卫,1/4层,通州区,通州北关,北通集团家属楼,地铁：距6号线通州北关站1450米
1700,10,140856-C,3室1卫,7/9层,通州区,通州北关,K2清水湾,地铁：距6号线通州北关站1950米
1820,11,17434-B,3室1卫,3/9层,通州区,物资学院路,翠福园,地铁：距6号线物资学院路站2350米
3360,24,23610-C,4室1卫,6/16层,丰台区,科怡路,鸿业兴园一区,地铁：距9号线科怡路站900米
2080,8,301-B,4室1卫,18/21层,朝阳区,双桥,金隅康惠园,地铁：距八通线双桥站600米
,,,,,,,,
2490,17,39339-C,3室1卫,3/6层,朝阳区,常营,连心园西区,地铁：距6号线常营站800米
1550,54,28896-D,5室1卫,6/6层,房山区,阎村,绿城百合公寓风荷苑,地铁：距燕房线阎村站850米
1410,11,44329-A,6室2卫,13/13层,顺义区,俸伯,仁和花园二区,地铁：距15号线俸伯站2650米
,,,,,,,,
2310,14,59562-A,2室1卫,3/6层,丰台区,东高地,三角地,地铁：距8号线南段东高地站350米
2300,16,59562-B,2室1卫,3/6层,丰台区,东高地,三角地,地铁：距8号线南段东高地站350米
,,,,,,,,
3590,19,62924-B,3室1卫,8/9层,朝阳区,星火,金隅凤麟洲,"地铁：距3号线,20号线星火站550米"
3420,17,40919-A,3室1卫,3/9层,海淀区,海淀五路居,美丽西园,地铁：距6号线海淀五路居站350米
,,,,,,,,
2180,17,71540-A,3室1卫,4/5层,丰台区,火箭万源,万源南里,地铁：距8号线南段火箭万源站600米
2850,13,75732-A,3室1卫,22/29层,朝阳区,青年路,金隅泰和园,地铁：距6号线青年路站1250米
,,,,,,,,
2910,15,9275-C,3室1卫,8/25层,丰台区,马家堡,嘉园一里,地铁：距4号线大兴线马家堡站50米
2380,10,931-A,4室1卫,21/28层,朝阳区,成寿寺,方庄南路18号院,地铁：距10号线成寿寺站700米
2790,31,123720-B,2室1卫,4/6层,通州区,通州北苑,北苑55号院,地铁：距八通线通州北苑站550米
2650,13,10894-D,4室1卫,4/5层,昌平区,龙泽,冠庭园,地铁：距13号线龙泽站650米
2760,20,121142-A,4室1卫,4/22层,丰台区,郭庄子,和风四季,地铁：距14号线西段郭庄子站1650米
2740,12,131616-C,3室2卫,1/18层,东城区,景泰,沙子口路50号,地铁：距14号线东段景泰站600米
3170,25,132355-B,4室1卫,5/12层,大兴区,高米店北,顺驰领海,地铁：距4号线大兴线高米店北站1000米
2820,13,133904-B,3室1卫,4/6层,石景山区,八宝山,鲁谷74号院,地铁：距1号线八宝山站800米
2380,13,11483-B,3室1卫,1/28层,通州区,物资学院路,新建村小区,地铁：距6号线物资学院路站550米
2960,10,11756-C,3室1卫,7/10层,海淀区,清河,裕和嘉园,地铁：距13号线清河站1350米
2350,20,140078-B,3室1卫,3/6层,大兴区,荣昌东街,泰河园三里,地铁：距亦庄线荣昌东街站2550米
2000,12,140078-C,3室1卫,3/6层,大兴区,荣昌东街,泰河园三里,地铁：距亦庄线荣昌东街站2550米
2110,16,140152-C,3室1卫,10/22层,昌平区,昌平,新新公寓,地铁：距昌平线昌平站400米
2590,9,141232-C,3室1卫,24/25层,朝阳区,北苑,北苑家园清友园,地铁：距13号线北苑站550米
,,,,,,,,
2460,12,1220-A,3室1卫,1/21层,朝阳区,星火,姚家园东里7号院,"地铁：距3号线,20号线星火站800米"
,,,,,,,,
2270,10,13782-C,3室1卫,3/28层,通州区,物资学院路,新建村小区,地铁：距6号线物资学院路站550米
1710,9,13598-D,4室1卫,1/7层,大兴区,黄村西大街,星瑞家园,地铁：距4号线大兴线黄村西大街站600米
,,,,,,,,
2690,13,14293-C,3室1卫,10/12层,朝阳区,潘家园,潘家园小区,地铁：距10号线潘家园站1000米
2160,8,12195-C,4室1卫,5/6层,昌平区,龙泽,佰嘉城,地铁：距13号线龙泽站1300米
2530,16,18015-A,3室1卫,4/6层,朝阳区,黄渠,常营民族家园三期,地铁：距6号线黄渠站200米
5140,70,19025-A,1室1卫,4/6层,朝阳区,星火,姚家园西里5号院,"地铁：距3号线,20号线星火站600米"
2710,11,1885-A,4室1卫,3/6层,东城区,景泰,富莱茵花园,地铁：距14号线东段景泰站550米
,,,,,,,,
,,,,,,,,
1750,6,22808-D,4室1卫,16/26层,丰台区,樊羊路,花香东苑,地铁：距房山线樊羊路站450米
3110,16,2456-B,3室1卫,5/18层,朝阳区,星火,姚家园东里7号院,"地铁：距3号线,20号线星火站800米"
2360,16,27755-A,4室1卫,5/6层,昌平区,龙泽,二拨子新村西区,地铁：距13号线龙泽站1950米
2560,21,27755-B,4室1卫,5/6层,昌平区,龙泽,二拨子新村西区,地铁：距13号线龙泽站1950米
2220,11,27755-C,4室1卫,5/6层,昌平区,龙泽,二拨子新村西区,地铁：距13号线龙泽站1950米
1820,12,28376-A,3室1卫,3/6层,昌平区,天通苑北,名流花园,地铁：距5号线天通苑北站2500米
3160,16,28518-B,3室1卫,4/18层,朝阳区,星火,姚家园东里7号院,"地铁：距3号线,20号线星火站800米"
,,,,,,,,
3150,33,40232-A,1室1卫,1/5层,昌平区,昌平,西环里,地铁：距昌平线昌平站1200米
1920,10,41169-A,4室1卫,1/6层,通州区,次渠,京华园12号院,"地铁：距亦庄线,17号线次渠站350米"
,,,,,,,,
,,,,,,,,
3450,14,47962-B,3室1卫,9/28层,朝阳区,四惠,东恒时代一期,"地铁：距1号线,八通线四惠站150米"
,,,,,,,,
1950,11,53621-C,3室1卫,1/6层,丰台区,郭庄子,五里店南里,地铁：距14号线西段郭庄子站1150米
3500,8,55655-B,2室1卫,5/6层,海淀区,知春里,双榆树北路,"地铁：距4号线大兴线,12号线人民大学站1100米"
,,,,,,,,
2290,9,5712-D,4室1卫,2/6层,昌平区,回龙观,南店新村,地铁：距8号线育新站1100米
2780,11,531-C,4室1卫,3/6层,朝阳区,望京,南湖中园一区,"地铁：距14号线东段,15号线望京站800米"
1650,9,62227-C,3室1卫,2/6层,通州区,梨园,云景西里,地铁：距八通线梨园站750米
1750,9,51-C,4室1卫,1/6层,通州区,通州北苑,新华西街145号院,地铁：距八通线通州北苑站300米
2370,23,65061-A,2室1卫,1/4层,通州区,果园,后南仓,地铁：距八通线果园站1050米
2040,10,65686-C,4室1卫,3/14层,通州区,果园,葵花社,地铁：距八通线果园站200米
,,,,,,,,
2740,17,73614-B,4室1卫,3/6层,海淀区,西北旺,颐和山庄紫宵园,地铁：距16号线西北旺站1550米
1870,17,79748-B,3室1卫,3/6层,昌平区,昌平,清秀园南区,地铁：距昌平线昌平站950米
2770,16,7618-E,5室2卫,6/7层,海淀区,育新,沁春家园,地铁：距8号线育新站1050米
,,,,,,,,
2550,8,124512-A,3室1卫,5/28层,海淀区,育新,泰华龙旗广场,地铁：距8号线育新站550米
2800,11,124512-B,3室1卫,5/28层,海淀区,育新,泰华龙旗广场,地铁：距8号线育新站550米
2570,12,124953-B,3室1卫,16/18层,丰台区,科怡路,城市经典,地铁：距9号线科怡路站350米
2230,8,124953-C,3室1卫,16/18层,丰台区,科怡路,城市经典,地铁：距9号线科怡路站350米
2940,19,11169-A,3室1卫,6/6层,朝阳区,黄渠,常营民族家园CDF区,地铁：距6号线黄渠站750米
3210,26,132114-D,4室1卫,8/8层,大兴区,西红门,鸿坤理想城礼域府,地铁：距4号线大兴线西红门站1250米
2620,30,132500-B,2室1卫,2/6层,通州区,通州北关,吉祥园,地铁：距6号线通州北关站900米
1720,10,134603-A,3室1卫,5/6层,通州区,九棵树,葛布店南里,地铁：距八通线九棵树站300米
4080,43,135470-A,1室1卫,3/20层,通州区,北运河西,中上园9号院,地铁：距6号线北运河西站300米
1290,9,140999-A,3室1卫,3/6层,房山区,广阳城,张家场周转房,地铁：距房山线广阳城站1200米
,,,,,,,,
3130,18,12685-A,4室1卫,3/6层,朝阳区,黄渠,常营民族家园三期,地铁：距6号线黄渠站200米
2780,18,142481-B,2室1卫,3/5层,石景山区,杨庄,西井小区,"地铁：距1号线,6号线苹果园站1650米"
1620,11,138081-D,4室1卫,1/6层,昌平区,昌平,清秀园南区,地铁：距昌平线昌平站950米
,,,,,,,,
2820,10,12921-A,3室1卫,5/12层,朝阳区,成寿寺,中海城风情苑,地铁：距10号线成寿寺站350米
,,,,,,,,
3290,12,12362-A,3室1卫,3/6层,朝阳区,惠新西街北口,安慧里一区,地铁：距5号线惠新西街北口站600米
,,,,,,,,
4050,16,147979-B,2室1卫,5/7层,朝阳区,林萃桥,畅清园小区,地铁：距8号线林萃桥站850米
3210,22,134926-B,2室1卫,5/19层,石景山区,杨庄,杨庄北区,地铁：距6号线杨庄站550米
2050,11,13487-A,2室1卫,9/15层,顺义区,石门,当代北辰悦moma,地铁：距15号线石门站850米
2310,14,13834-B,4室1卫,6/6层,朝阳区,常营,连心园西区,地铁：距6号线常营站800米
2190,7,153713-A,2室1卫,2/7层,大兴区,亦庄文化园,亦庄梅园小区,地铁：距亦庄线亦庄文化园站700米
2590,11,1414-D,4室1卫,10/18层,昌平区,龙泽,新龙城,地铁：距13号线龙泽站400米
2700,16,16977-A,3室1卫,5/5层,朝阳区,黄渠,常营民族家园三期,地铁：距6号线黄渠站200米
6080,46,17508-A,1室1卫,11/14层,朝阳区,光熙门,和平街十五区,地铁：距13号线光熙门站400米
2430,12,19080-B,3室1卫,23/26层,朝阳区,北岗子,恒大江湾,"地铁：距12号线,平谷线北岗子站800米"
3280,22,1885-C,4室1卫,3/6层,东城区,景泰,富莱茵花园,地铁：距14号线东段景泰站550米
2560,8,26582-C,3室1卫,1/6层,海淀区,育新,龙博苑三区,地铁：距8号线育新站700米
2420,14,2595-C,3室1卫,19/26层,通州区,物资学院路,新建村小区,地铁：距6号线物资学院路站550米
1850,14,29840-B,4室1卫,8/21层,丰台区,张郭庄,红山郡,地铁：距14号线西段张郭庄站1750米
3480,22,30526-A,4室1卫,2/6层,海淀区,马连洼,竹园,"地铁：距13号线,昌平线西二旗站2700米"
1260,6,38001-C,4室1卫,5/6层,通州区,通州北关,西潞苑小区,地铁：距6号线通州北关站1950米
1900,22,35394-C,4室1卫,10/10层,房山区,苏庄,佳世苑小区,地铁：距房山线苏庄站650米
1280,11,44329-D,6室2卫,13/13层,顺义区,俸伯,仁和花园二区,地铁：距15号线俸伯站2650米
,,,,,,,,
3060,18,4988-B,4室1卫,17/22层,昌平区,龙泽,蓝天嘉园,地铁：距13号线龙泽站600米
,,,,,,,,
2650,11,5687-C,4室1卫,6/15层,丰台区,首经贸,万年花城一期,"地铁：距10号线,房山线首经贸站600米"
3490,19,5820-C,3室1卫,15/22层,朝阳区,潘家园,华威北里,地铁：距10号线潘家园站350米
2190,9,5941-B,3室1卫,5/9层,顺义区,花梨坎,吉祥花园,地铁：距15号线花梨坎站450米
,,,,,,,,
3850,18,66505-A,2室1卫,3/6层,朝阳区,东风北桥,酒仙桥十街坊,"地铁：距14号线东段,平谷线东风北桥站550米"
2370,9,6842-A,5室1卫,6/9层,昌平区,龙泽,佰嘉城,地铁：距13号线龙泽站1300米
1950,7,68061-B,3室1卫,5/6层,东城区,景泰,刘家窑北里,地铁：距14号线东段景泰站350米
3860,57,69301-A,1室1卫,1/6层,通州区,梨园,云景里北区,地铁：距八通线梨园站950米
,,,,,,,,
,,,,,,,,
1760,8,7139-B,3室1卫,8/9层,通州区,梨园,园景西区,地铁：距八通线梨园站350米
1900,11,72236-A,3室1卫,4/6层,大兴区,荣昌东街,泰河园三里,地铁：距亦庄线荣昌东街站2550米
1710,12,77708-C,4室1卫,1/25层,门头沟区,桥户营,惠康嘉园二区,地铁：距S1线桥户营站850米
,,,,,,,,
1820,10,77990-C,5室1卫,13/23层,通州区,临河里,华业东方玫瑰,地铁：距八通线临河里站650米
,,,,,,,,
,,,,,,,,
,,,,,,,,
2960,23,8698-B,3室1卫,3/6层,朝阳区,草房,连心园东区,地铁：距6号线草房站500米
,,,,,,,,
2690,11,119512-C,3室1卫,3/6层,海淀区,田村,玉海园五里,地铁：距6号线田村站950米
,,,,,,,,
3080,11,122624-D,4室1卫,1/16层,海淀区,西钓鱼台,定慧东里,地铁：距10号线西钓鱼台站1000米
2260,14,10699-D,5室1卫,3/21层,通州区,物资学院路,悦澜水岸家园,地铁：距6号线物资学院路站2350米
2750,13,10867-B,4室1卫,13/24层,丰台区,七里庄,望园东里,"地铁：距9号线,14号线西段七里庄站250米"
2320,8,124539-C,4室1卫,11/19层,朝阳区,立水桥,卢卡新天地,"地铁：距13号线,5号线立水桥站600米"
,,,,,,,,
2630,13,124871-A,3室1卫,3/6层,顺义区,国展,莲竹花园,地铁：距15号线国展站350米
3140,17,128584-A,3室1卫,2/28层,朝阳区,黄渠,泰福苑三区,地铁：距6号线黄渠站500米
,,,,,,,,
2600,14,131493-B,3室1卫,10/18层,大兴区,亦庄文化园,大雄城市花园,地铁：距亦庄线亦庄文化园站650米
2390,12,131261-B,4室1卫,5/14层,石景山区,八角游乐园,依翠园,地铁：距1号线八角游乐园站750米
,,,,,,,,
,,,,,,,,
,,,,,,,,
1870,10,141294-B,4室1卫,3/6层,大兴区,旧宫,佳和园新区,地铁：距亦庄线旧宫站1200米
,,,,,,,,
,,,,,,,,
,,,,,,,,
2810,13,141995-C,3室1卫,4/6层,丰台区,公益西桥,城南嘉园益城园,地铁：距4号线大兴线公益西桥站500米
,,,,,,,,
2980,18,141824-B,2室1卫,1/6层,石景山区,八角游乐园,依翠园,地铁：距1号线八角游乐园站750米
,,,,,,,,
,,,,,,,,
,,,,,,,,
4850,51,13768-A,1室1卫,21/39层,朝阳区,传媒大学,北花园小区,地铁：距八通线传媒大学站600米
1900,13,152407-B,2室1卫,19/22层,通州区,同济南路,宏仁家园,地铁：距亦庄线同济南路站3100米
,,,,,,,,
,,,,,,,,
2450,8,14114-A,4室1卫,3/6层,朝阳区,北苑路北,北苑路2号院,地铁：距5号线北苑路北站600米
2020,11,15699-C,4室1卫,1/6层,朝阳区,八里桥,瑞祥里小区,地铁：距八通线八里桥站750米
,,,,,,,,
,,,,,,,,
,,,,,,,,
3160,13,27735-A,3室1卫,23/28层,昌平区,龙泽,金域华府,"地铁：距13号线,昌平线西二旗站1350米"
2940,18,37976-A,2室1卫,4/5层,朝阳区,褡裢坡,定福庄北里2号院,地铁：距6号线褡裢坡站750米
,,,,,,,,
1690,9,38001-D,4室1卫,5/6层,通州区,通州北关,西潞苑小区,地铁：距6号线通州北关站1950米
,,,,,,,,
1620,13,38874-B,3室1卫,1/12层,顺义区,俸伯,仁和花园一区,地铁：距15号线俸伯站2450米
1280,10,35394-A,4室1卫,10/10层,房山区,苏庄,佳世苑小区,地铁：距房山线苏庄站650米
2290,10,41663-B,3室1卫,15/15层,顺义区,花梨坎,枫泉花园,地铁：距15号线花梨坎站700米
3110,12,4347-C,4室1卫,6/6层,朝阳区,望京,南湖中园小区,"地铁：距14号线东段,15号线望京站700米"
3040,18,4361-C,3室1卫,17/18层,朝阳区,黄渠,泰福苑三区,地铁：距6号线黄渠站500米
3350,15,37-A,3室1卫,9/9层,朝阳区,四惠,通惠家园惠泽园,"地铁：距1号线,八通线四惠站350米"
2350,9,47018-C,3室1卫,2/5层,朝阳区,孙河,康营小区A区,地铁：距15号线孙河站1650米
1470,11,48539-C,3室1卫,4/6层,通州区,通州北关,刘庄新村,地铁：距6号线通州北关站2700米
2410,14,48336-B,3室1卫,4/6层,石景山区,杨庄,西井特钢楼,"地铁：距1号线,6号线苹果园站1550米"
2570,12,51776-D,4室1卫,20/22层,朝阳区,小红门,鸿博家园二期D区,地铁：距亦庄线小红门站450米
3060,12,5015-A,4室1卫,3/15层,海淀区,上地,清上园,地铁：距13号线上地站1050米
3290,25,5234-C,3室1卫,28/28层,朝阳区,传媒大学,北花园小区,地铁：距八通线传媒大学站600米
1620,7,56095-D,4室1卫,5/27层,通州区,土桥,方恒东景,地铁：距八通线土桥站250米
,,,,,,,,
,,,,,,,,
4250,10,59185-B,2室1卫,2/6层,西城区,车公庄西,百万庄北里,地铁：距6号线车公庄西站800米
1750,11,60496-B,3室1卫,24/30层,通州区,同济南路,宏仁家园,地铁：距亦庄线同济南路站3100米
2670,17,61874-A,3室1卫,1/6层,丰台区,丰台东大街,东幸福街社区,地铁：距9号线丰台东大街站750米
1950,11,62180-A,2室1卫,5/6层,大兴区,荣昌东街,鹿海园一里,地铁：距亦庄线荣昌东街站2900米
2200,10,5973-C,4室1卫,7/16层,顺义区,花梨坎,满庭芳嘉园,地铁：距15号线花梨坎站850米
,,,,,,,,
3360,10,6176-A,3室1卫,26/28层,朝阳区,望京西,湖光壹号,"地铁：距13号线,15号线望京西站550米"
2400,10,5939-B,3室1卫,12/32层,朝阳区,传媒大学,北花园小区,地铁：距八通线传媒大学站600米
,,,,,,,,
,,,,,,,,
1660,9,65931-B,3室1卫,1/6层,通州区,梨园,云景西里,地铁：距八通线梨园站750米
2860,30,66036-A,2室1卫,6/20层,通州区,通州北苑,通惠苑,地铁：距八通线通州北苑站650米
2520,8,68755-A,3室1卫,1/6层,海淀区,北宫门,骚子营1号院,地铁：距4号线大兴线北宫门站700米
2040,10,6713-B,4室1卫,14/21层,顺义区,花梨坎,满庭芳嘉园,地铁：距15号线花梨坎站850米
2430,16,69698-B,4室1卫,5/6层,丰台区,科怡路,恒富中街7号院,地铁：距9号线科怡路站350米
,,,,,,,,
,,,,,,,,
1820,8,70682-C,3室1卫,5/8层,丰台区,四环路,银地家园,地铁：距房山线四环路站1450米
2140,6,74696-A,3室1卫,5/6层,丰台区,马家堡,晨光小区,地铁：距4号线大兴线马家堡站500米
2880,13,597-B,4室1卫,22/30层,昌平区,龙泽,融泽嘉园1号院,"地铁：距13号线,昌平线西二旗站1750米"
1890,13,77990-B,5室1卫,13/23层,通州区,临河里,华业东方玫瑰,地铁：距八通线临河里站650米
2290,9,78829-B,3室1卫,5/10层,顺义区,花梨坎,吉祥花园,地铁：距15号线花梨坎站450米
,,,,,,,,
,,,,,,,,
1640,7,116301-D,4室1卫,5/6层,顺义区,石门,西辛南区,地铁：距15号线石门站450米
2900,24,119104-C,4室1卫,1/28层,大兴区,枣园,红木林,地铁：距4号线大兴线枣园站550米
3290,19,121212-C,3室1卫,9/18层,丰台区,角门东,远洋自然,地铁：距10号线角门东站550米
3720,17,122180-B,4室1卫,20/6层,昌平区,回龙观,新龙城二期,地铁：距13号线回龙观站250米
1770,11,122765-B,4室1卫,4/21层,通州区,土桥,华远铭悦,地铁：距八通线土桥站950米
2190,7,10867-D,4室1卫,13/24层,丰台区,七里庄,望园东里,"地铁：距9号线,14号线西段七里庄站250米"
1540,10,124028-A,4室1卫,4/6层,大兴区,黄村西大街,黄村东里,地铁：距4号线大兴线黄村西大街站1150米
1800,9,124321-A,4室1卫,18/18层,大兴区,德茂,兴盛锦苑,地铁：距8号线南段德茂站100米
1950,8,10950-A,3室1卫,1/26层,通州区,次渠南,次渠锦园南区,地铁：距亦庄线次渠南站250米
,,,,,,,,
,,,,,,,,
1980,10,11074-B,3室1卫,18/18层,朝阳区,管庄,管庄新村,地铁：距八通线管庄站600米
2620,18,10921-A,4室1卫,14/14层,顺义区,花梨坎,满庭芳嘉园,地铁：距15号线花梨坎站850米
,,,,,,,,
2800,10,122722-C,4室1卫,6/18层,海淀区,西二旗,回龙观新村中区,"地铁：距13号线,昌平线西二旗站1100米"
1800,8,129482-A,3室1卫,22/22层,丰台区,张郭庄,西山甲一号,地铁：距14号线西段张郭庄站500米
2380,10,131461-B,3室1卫,17/20层,丰台区,石榴庄,康泽园,地铁：距10号线石榴庄站600米
2940,15,131461-C,3室1卫,17/20层,丰台区,石榴庄,康泽园,地铁：距10号线石榴庄站600米
2250,10,132975-C,3室1卫,3/15层,石景山区,苹果园,西山奥园,"地铁：距1号线,6号线苹果园站1150米"
2330,13,134258-B,4室1卫,12/17层,通州区,次渠南,北京经开汀塘,地铁：距亦庄线次渠南站550米
4940,41,134557-A,1室1卫,1/6层,东城区,天坛东门,长青园小区,地铁：距5号线天坛东门站800米
3620,14,130288-C,4室1卫,5/6层,朝阳区,望京,望京西园二区,"地铁：距14号线东段,15号线望京站650米"
1920,13,140488-B,3室1卫,4/10层,朝阳区,肖村,成和园,地铁：距亦庄线肖村站2150米
2630,16,141025-B,4室1卫,11/12层,丰台区,丽泽商务区,万润风景,"地铁：距16号线,14号线东段丽泽商务区站1100米"
3400,12,141551-A,2室1卫,2/6层,昌平区,龙泽,龙泽苑西区,地铁：距13号线龙泽站200米
2980,11,143254-B,2室1卫,2/4层,朝阳区,十里堡,十里堡东里,地铁：距6号线十里堡站700米
2350,8,141937-B,2室1卫,3/6层,石景山区,八宝山,永乐东区,地铁：距1号线八宝山站700米
,,,,,,,,
2850,12,143157-B,4室1卫,13/15层,朝阳区,立水桥,立城苑,"地铁：距13号线,5号线立水桥站300米"
3180,19,143157-D,4室1卫,13/15层,朝阳区,立水桥,立城苑,"地铁：距13号线,5号线立水桥站300米"
3120,10,12931-A,3室1卫,1/6层,朝阳区,安华桥,安贞西里三区,"地铁：距8号线,12号线安华桥站200米"
2560,14,143301-C,3室1卫,6/11层,朝阳区,孙河,康营小区14区,地铁：距15号线孙河站950米
3310,11,143764-A,3室1卫,16/24层,朝阳区,双井,广渠门外大街6号院,"地铁：距7号线,10号线双井站300米"
2930,20,143682-A,2室1卫,1/6层,朝阳区,管庄,管庄西里,地铁：距八通线管庄站1050米
2090,8,143682-B,2室1卫,1/6层,朝阳区,管庄,管庄西里,地铁：距八通线管庄站1050米
2630,12,145451-C,3室1卫,4/5层,昌平区,霍营,枫丹丽舍,"地铁：距8号线,13号线霍营站800米"
,,,,,,,,
3570,20,147378-B,2室1卫,10/30层,朝阳区,光熙门,西坝河西里,地铁：距13号线光熙门站550米
3700,40,13449-A,1室1卫,3/12层,通州区,梨园,云景豪庭,地铁：距八通线梨园站600米
,,,,,,,,
1910,10,152407-A,2室1卫,19/22层,通州区,同济南路,宏仁家园,地铁：距亦庄线同济南路站3100米
1970,13,151619-C,3室1卫,5/6层,石景山区,金安桥,赵山,"地铁：距1号线,6号线苹果园站1200米"
2890,18,13737-B,3室1卫,2/6层,昌平区,育知路,云趣园一区,地铁：距8号线育知路站300米
3310,9,155001-B,3室1卫,2/26层,朝阳区,东湖渠,望京花园西区,地铁：距14号线东段东湖渠站500米
,,,,,,,,
3150,11,14507-E,5室1卫,4/5层,海淀区,马连洼,百旺家苑,地铁：距16号线马连洼站600米
,,,,,,,,
2580,14,14820-A,4室2卫,21/28层,丰台区,科怡路,宝隆温泉公寓,地铁：距9号线科怡路站250米
1910,9,14938-C,4室1卫,4/8层,朝阳区,双桥,东柳西里,地铁：距八通线双桥站900米
3480,17,15596-A,3室1卫,3/6层,朝阳区,金台路,红庙北里,"地铁：距6号线,14号线东段金台路站450米"
2440,9,17527-E,5室1卫,8/22层,丰台区,角门东,金胜嘉谊家园,地铁：距10号线角门东站700米
,,,,,,,,
2470,13,2089-C,3室1卫,10/17层,丰台区,新宫,德鑫嘉园三期,"地铁：距4号线大兴线,19号线新宫站850米"
,,,,,,,,
,,,,,,,,
,,,,,,,,
,,,,,,,,
,,,,,,,,
,,,,,,,,
,,,,,,,,
